order_id,machine_id,planned_good_meters,planned_setup_waste_meters,planned_total_meters,setup_planned_min,printing_planned_min,cleaning_up_planned_min,planned_speed_mpm,due_date,customer_id,raw_material_cost_eur,labor_cost_eur,overhead_cost_eur,margin_eur,order_value_eur
ORD000001,A1,4463,170,4633,39,46,17,100,2025-01-01,CUST1,1135.3930561453283,56.0000439025714,145.79922919559158,312.09708473189426,1649.2894139753855
ORD000002,A1,4032,215,4247,38,39,11,109,2025-01-01,CUST4,917.6457721546924,46.30452869112845,154.40723628930027,123.0468138843941,1241.4043510195154
ORD000003,A1,4991,240,5231,23,56,20,93,2025-01-01,CUST3,1389.9581068556624,44.994589781700654,147.84655991587144,309.8464593861817,1892.6457159394163
ORD000004,A1,3984,258,4242,34,43,13,99,2025-01-01,CUST3,984.4694383349527,48.39317407964829,129.73599103919494,246.11281301667233,1408.7114164704683
ORD000005,A2,6641,254,6895,28,77,13,89,2025-01-01,CUST2,1534.8743865256,58.470469345796175,251.6368482651428,249.4671786469694,2094.4488827835085
ORD000006,A2,2691,254,2945,25,25,18,120,2025-01-01,CUST2,540.6775322210917,31.53751740976581,106.45878194356843,140.98826752595147,819.6620991003774
ORD000007,A2,4567,264,4831,30,44,14,111,2025-01-01,CUST4,778.158147460657,43.807425377584266,88.03871936584072,99.4421818857456,1009.4464740898277
ORD000008,A2,2304,179,2483,37,23,16,109,2025-01-01,CUST3,475.50500407714384,42.378847935661405,57.87092385492469,135.5730661376611,711.3278420053912
ORD000009,A3,5906,218,6124,20,56,14,110,2025-01-01,CUST3,1529.3587814976288,46.36923185467538,216.23579083403786,317.13705750476464,2109.1008616911063
ORD000010,A3,6181,264,6445,24,55,14,117,2025-01-01,CUST3,1711.1705276012906,38.828166773966906,300.9045136541909,508.03936810732216,2558.94257613677
ORD000011,A3,2425,180,2605,33,23,14,114,2025-01-01,CUST3,612.1456362233307,38.43614550459681,124.52144913276081,90.1476210342091,865.2508518948974
ORD000012,A3,1538,247,1785,38,17,12,103,2025-01-01,CUST4,421.671173904218,31.800824389942175,72.06555146240977,127.61912694517943,653.1566767017495
ORD000013,A3,4678,294,4972,30,55,16,90,2025-01-01,CUST1,1472.105384172601,45.66695187689969,218.95079842347104,209.58826911383522,1946.3114035868068
ORD000014,A1,2878,170,3048,40,38,17,81,2025-01-01,CUST1,903.9341577906936,42.183138979711394,182.89939718282906,280.8405463169007,1409.8572402701348
ORD000015,A1,4616,142,4758,30,50,19,95,2025-01-01,CUST3,1320.561413008485,48.52236935997348,245.77010172824035,282.3613133381123,1897.2151974348112
ORD000016,A1,7229,200,7429,32,77,18,97,2025-01-01,CUST3,2207.2371404778473,55.50304410334265,337.1334406405289,479.31322355758965,3079.1868487793085
ORD000017,A2,2701,232,2933,37,34,12,86,2025-01-01,CUST1,662.518757430964,38.694949744415766,113.90606229331102,173.01875418996946,988.1385236586602
ORD000018,A2,1675,140,1815,32,19,11,95,2025-01-01,CUST1,492.21413584545434,32.21184799863102,96.3233447829339,69.93348624061474,690.6828148676341
ORD000019,A2,4128,263,4391,37,38,17,116,2025-01-01,CUST3,899.2029925131228,53.23422959562431,101.83010281193229,145.44862866749014,1199.7159535881694
ORD000020,A2,7779,169,7948,20,86,11,92,2025-01-01,CUST4,2365.3448956982575,58.9550230515212,317.7155602599399,423.26361284978896,3165.2790918595074
ORD000021,A3,2482,202,2684,26,29,20,93,2025-01-01,CUST4,765.9854052445261,38.29949252339839,144.23465631062098,233.23366826056835,1181.7532223391138
ORD000022,A3,8602,255,8857,35,98,11,90,2025-01-01,CUST4,2025.8010231911805,73.86224774234832,312.76561660512533,339.80292730462367,2752.231814843278
ORD000023,A3,3630,223,3853,31,32,17,120,2025-01-01,CUST3,1134.5974085230737,38.43563095496734,124.98600155831379,206.60351558145874,1504.6225566178136
ORD000024,A3,4588,234,4822,22,56,15,86,2025-01-01,CUST1,1281.329988664183,52.465100478726555,255.16709618427964,192.3518605610443,1781.3140458882335
ORD000025,A1,2842,296,3138,36,32,10,98,2025-01-02,CUST4,938.9045201977123,36.05911923478196,106.64527472481433,113.89594830033127,1195.5048624576398
ORD000026,A1,6650,170,6820,30,68,17,100,2025-01-02,CUST1,2024.3614000255861,48.928426668594064,246.798328527192,469.65529696437085,2789.743452185743
ORD000027,A1,8587,156,8743,35,97,17,90,2025-01-02,CUST4,2098.2079431735856,78.56498178449225,246.92787409249073,461.4984424771691,2885.1992415277377
ORD000028,A2,5374,300,5674,20,68,16,84,2025-01-02,CUST4,1652.897363227135,58.80042461157902,317.3897777146715,311.3850715257806,2340.472637079166
ORD000029,A2,5257,221,5478,32,63,14,87,2025-01-02,CUST4,1374.9286718309168,48.706313237256545,158.22803983607682,389.9075772458724,1971.7706021501226
ORD000030,A2,1984,210,2194,30,23,15,96,2025-01-02,CUST2,345.6358680785523,31.0928276728841,48.75918369977695,54.13981214373263,479.62769159494593
ORD000031,A3,2878,239,3117,29,29,14,106,2025-01-02,CUST3,736.9761730092404,35.41772161417784,85.64823962401162,106.99049607928383,965.0326303267136
ORD000032,A3,2417,178,2595,32,24,10,109,2025-01-02,CUST3,556.092334516034,27.94748538756584,97.53073841542404,161.94442800005214,843.5149863190761
ORD000033,A3,8613,213,8826,21,86,11,103,2025-01-02,CUST3,1330.2562583660467,51.164389616735825,266.8792492277838,292.09238054647346,1940.3922777570401
ORD000034,A3,3771,272,4043,37,43,17,93,2025-01-02,CUST1,1120.1260170428538,45.4712164662704,178.36439868435923,266.0241725499048,1609.9858047433881
ORD000035,A1,7075,224,7299,33,61,17,120,2025-01-02,CUST4,1794.5456473331299,59.37216930610528,324.32198281551536,247.5534307027102,2425.7932301574606
ORD000036,A1,2372,120,2492,32,21,15,118,2025-01-02,CUST3,591.9809472014067,32.00235492125572,95.21442767828961,88.71949884021812,807.91722864117
ORD000037,A1,8905,297,9202,34,87,13,106,2025-01-02,CUST1,2366.243441542768,77.62679857457415,326.69409243328334,415.1218245959825,3185.686157146608
ORD000038,A2,8309,295,8604,25,100,13,86,2025-01-02,CUST3,1623.8972136025943,65.51962201953366,296.90133715806195,394.21817034138724,2380.5363431215774
ORD000039,A2,8608,198,8806,21,79,18,111,2025-01-02,CUST1,1952.1838002137304,63.93357713092319,385.81274396491295,293.98498330726466,2695.915104616831
ORD000040,A2,4465,272,4737,29,48,16,98,2025-01-02,CUST3,1031.5185290519664,49.460747037453785,194.287631721069,138.88706403418854,1414.1539718446777
ORD000041,A3,5973,268,6241,38,70,19,89,2025-01-02,CUST4,1106.3662782133924,70.51874112984696,198.8358963165271,314.4032703290043,1690.124185988771
ORD000042,A3,4190,150,4340,24,41,12,106,2025-01-02,CUST1,1057.4703335319848,35.906978083576135,121.26623473268518,154.93483862507452,1369.5783849733207
ORD000043,A3,8349,155,8504,29,105,13,81,2025-01-02,CUST2,2318.913331587772,63.158637565846114,375.67846827916514,616.0810117076456,3373.8314491404294
ORD000044,A1,7862,188,8050,39,82,15,98,2025-01-03,CUST1,2084.9371383921816,77.09265605938322,270.2546608406218,400.95260274861903,2833.237058040806
ORD000045,A1,5611,267,5878,38,69,17,85,2025-01-03,CUST2,1619.1947057747236,67.54724196291201,292.5887645216506,324.32097234371645,2303.6516846030026
ORD000046,A1,6073,253,6326,39,67,10,95,2025-01-03,CUST1,1447.4009254319164,63.68620973986695,293.1891490047451,358.877170350619,2163.1534545271475
ORD000047,A2,5159,225,5384,39,60,15,89,2025-01-03,CUST2,1139.9139735119797,59.381950331826346,163.94485104723748,316.323445554504,1679.5642204455476
ORD000048,A2,6319,189,6508,29,60,12,108,2025-01-03,CUST2,1855.917641729347,47.12303004292644,237.1354972087601,416.13202632423184,2556.3081953052656
ORD000049,A2,4048,193,4241,37,40,17,107,2025-01-03,CUST4,1176.6692731017297,42.39083413800973,142.90890371430734,186.58858691568355,1548.5575978697302
ORD000050,A3,5997,243,6240,33,69,18,91,2025-01-03,CUST1,1047.6167437389272,52.74516191170954,215.7564668386962,238.3064053356324,1554.4247778249655
ORD000051,A3,4428,205,4633,29,40,13,115,2025-01-03,CUST4,1343.3869970487638,34.46522554010312,177.44131007435038,330.12342531628616,1885.4169579795034
ORD000052,A3,4836,127,4963,30,58,11,86,2025-01-03,CUST4,870.1171283797335,50.093210921487255,102.03931681600871,203.12141973176034,1225.37107584899
ORD000053,A1,3456,278,3734,33,40,12,93,2025-01-03,CUST4,902.7953791283819,36.671739129559676,158.95511614033873,186.5456635935059,1284.9678979917862
ORD000054,A1,7864,195,8059,27,89,16,91,2025-01-03,CUST2,2144.9846200482516,67.095238876556,357.7932448438296,468.99090330986786,3038.864007078505
ORD000055,A1,7050,207,7257,27,65,14,111,2025-01-03,CUST1,1964.645829574415,52.47110630060109,319.30793438295444,402.17896775800904,2738.60383801598
ORD000056,A2,4606,231,4837,38,44,14,109,2025-01-03,CUST1,1268.7336795514168,42.17986129044543,224.27657760685335,382.8267724082658,1918.0168908569813
ORD000057,A2,7136,273,7409,21,82,13,90,2025-01-03,CUST1,1449.4097303251426,64.22284336934239,170.22418378940105,344.48065281285506,2028.337410296741
ORD000058,A2,7813,154,7967,26,90,19,89,2025-01-03,CUST2,1232.4514925080955,58.4346624106025,233.04655621180623,161.88464634733865,1685.817357477843
ORD000059,A3,3975,242,4217,39,36,19,118,2025-01-03,CUST2,914.0471486633526,53.250016852392875,100.96306594083946,259.91730026281624,1328.1775317194013
ORD000060,A3,8993,175,9168,22,78,18,117,2025-01-03,CUST1,1920.0817613631566,64.69300579029174,235.24731609109864,402.0212935578817,2622.0433768024286
ORD000061,A3,4497,221,4718,35,47,17,100,2025-01-03,CUST3,838.6537410266458,49.87666013364962,153.5316306538448,137.43283608493044,1179.4948678990704
ORD000062,A1,4964,266,5230,36,46,10,113,2025-01-06,CUST1,835.1717834440145,43.78126080779736,151.13385479227432,181.50892156658512,1211.5958206106714
ORD000063,A1,3517,190,3707,20,34,19,108,2025-01-06,CUST3,934.7530763030129,42.10537007362695,147.5657110199877,151.3491232575869,1275.7732806542144
ORD000064,A1,2165,243,2408,35,22,11,109,2025-01-06,CUST2,693.864705962344,30.079724591746928,102.21619193626748,139.8790500854784,966.0396725758369
ORD000065,A1,2780,200,2980,24,28,15,107,2025-01-06,CUST4,708.9183330343616,28.432553879877677,144.8884514890662,169.52914266526003,1051.7684810685655
ORD000066,A2,6134,266,6400,27,62,15,103,2025-01-06,CUST1,1578.6269485835219,60.32089123354216,314.76260209958,381.9411356935763,2335.65157761022
ORD000067,A2,8330,121,8451,21,93,11,91,2025-01-06,CUST4,1779.8032850331374,66.9915154411467,245.65274875770504,396.557626372409,2489.0051756043986
ORD000068,A3,7034,257,7291,24,69,12,105,2025-01-06,CUST3,1807.0103934470076,60.10288706034873,294.50006663047526,289.2876544023648,2450.9010015401964
ORD000069,A3,4909,143,5052,39,48,17,105,2025-01-06,CUST2,1373.925626002496,45.13600675425034,191.65515508552866,345.4893605162707,1956.2061483585458
ORD000070,A3,7615,239,7854,37,79,11,99,2025-01-06,CUST3,1292.4333594424343,63.075150309891,226.72490357898874,344.50451434937617,1926.73792768069
ORD000071,A1,2362,230,2592,21,27,13,97,2025-01-06,CUST4,766.3864786307563,28.691057654596232,107.48033183559501,112.28945044016552,1014.8473185611131
ORD000072,A1,6410,206,6616,21,76,10,87,2025-01-06,CUST4,1565.4281919179898,48.54629365260049,193.4885501367853,283.4478699390512,2090.9109056464267
ORD000073,A1,8009,184,8193,23,71,18,115,2025-01-06,CUST2,1850.5082379009318,49.304062152760125,309.76706144720555,422.362793126583,2631.9421546274802
ORD000074,A1,4361,274,4635,28,39,13,118,2025-01-06,CUST2,1173.1024903349742,38.402089484796655,174.80025618630884,235.9589284395625,1622.2637644456422
ORD000075,A2,3895,165,4060,35,34,17,120,2025-01-06,CUST4,945.5012517682669,41.13555218072547,104.64784034490089,266.12355646174524,1357.4082007556385
ORD000076,A2,8424,153,8577,38,81,19,106,2025-01-06,CUST1,2227.451938763311,76.67933741858627,232.72521947564147,583.9940830882997,3120.8505787458384
ORD000077,A2,7487,204,7691,26,76,12,101,2025-01-06,CUST2,1199.3933169354495,54.04151439363931,228.82582113375327,209.5112323258049,1691.7718847886472
ORD000078,A3,2530,230,2760,40,24,14,117,2025-01-06,CUST1,753.8836280289775,44.036725745257165,141.12031082024873,134.77302640141366,1073.813690995897
ORD000079,A3,8696,288,8984,37,90,15,100,2025-01-06,CUST1,1694.9246906764272,62.3610652969285,183.5750919552677,323.0977103994892,2263.9585583281123
ORD000080,A3,8304,207,8511,25,95,17,90,2025-01-06,CUST1,2170.2358725976833,66.06029715264911,392.66777907279106,340.12101373751676,2969.08496256064
ORD000081,A1,4594,182,4776,40,41,13,117,2025-01-07,CUST4,1397.6379989536401,42.89675858570685,146.8536010674468,230.25418074466367,1817.6425393514576
ORD000082,A1,3036,154,3190,25,33,14,97,2025-01-07,CUST1,489.11378542325224,40.01827693201638,71.87823148968728,67.36618379652339,668.3764776414794
ORD000083,A1,5781,228,6009,33,53,13,113,2025-01-07,CUST3,1797.876824157721,45.90195882668104,303.9237462087585,462.310986114539,2610.0135153076994
ORD000084,A2,7461,229,7690,24,92,13,84,2025-01-07,CUST4,2299.8089158684265,62.314511205416466,386.0731911810447,335.32750997943566,3083.5241282343236
ORD000085,A2,2934,127,3061,29,31,17,98,2025-01-07,CUST1,621.6580075226632,36.994731346138785,112.42338657282903,172.39927460526243,943.4754000468935
ORD000086,A2,3167,249,3416,37,32,11,106,2025-01-07,CUST3,618.9864206976604,34.51770969045481,97.53086182325312,93.75297832730163,844.7879705386699
ORD000087,A3,5307,234,5541,31,55,14,100,2025-01-07,CUST1,1255.3743347450527,43.754998358163704,201.9901349343191,164.86563683893488,1665.9851048764704
ORD000088,A3,5385,206,5591,37,67,19,83,2025-01-07,CUST2,1612.9182729375768,63.632008434152226,280.57129564259697,270.1970953223893,2227.3186723367153
ORD000089,A3,1513,273,1786,24,17,14,106,2025-01-07,CUST1,406.1119883529861,27.458283301742053,70.02815038379903,118.83916694501147,622.4375889835386
ORD000090,A3,7775,217,7992,32,75,14,107,2025-01-07,CUST3,2375.080918626471,52.097772577588174,482.6182403543169,380.36177626746695,3290.1587078258435
ORD000091,A1,2387,233,2620,32,23,19,116,2025-01-07,CUST2,448.9641631897677,40.56936986543857,74.37915119051122,62.76259634899404,626.6752805947116
ORD000092,A1,2928,262,3190,40,30,15,106,2025-01-07,CUST3,613.5752583986807,49.19395733892429,91.35889793693325,151.51834756076306,905.6464612353013
ORD000093,A1,5076,264,5340,29,46,14,117,2025-01-07,CUST4,1131.840085065544,44.91973045087399,136.61384135378037,313.9785319681686,1627.3521888383668
ORD000094,A1,7644,282,7926,32,78,11,102,2025-01-07,CUST2,1398.7426411394868,59.40975057917023,228.70867543128858,401.9738368356071,2088.8349039855525
ORD000095,A2,2350,158,2508,40,27,16,93,2025-01-07,CUST2,569.551010584129,42.87736910367424,100.11666635521858,161.42835096650455,873.9733970095265
ORD000096,A2,8978,279,9257,38,84,10,110,2025-01-07,CUST1,2711.2770668547305,61.15614169519611,314.96792108847376,347.46085655055924,3434.8619861889597
ORD000097,A2,8585,290,8875,30,80,17,111,2025-01-07,CUST2,1730.7943444387495,66.21348403358162,300.21162690058344,289.234106189987,2386.4535615629015
ORD000098,A3,7591,270,7861,22,75,19,105,2025-01-07,CUST2,2076.320724379963,60.23235994379839,384.9727898801189,387.9183112598807,2909.4441854637607
ORD000099,A3,3858,195,4053,31,46,15,88,2025-01-07,CUST4,1062.1118753771489,42.47273132214425,121.1528572106724,236.50794643937328,1462.2454103493387
ORD000100,A3,2536,234,2770,37,32,19,86,2025-01-07,CUST1,487.05463443213085,40.58077303499571,96.03037863519357,66.37357237963315,690.0393584819533
ORD000101,A1,8904,199,9103,27,88,17,103,2025-01-08,CUST4,1534.7194771097588,64.87606654914674,178.0299478865023,214.0759531971451,1991.701444742553
ORD000102,A1,4162,136,4298,31,43,19,101,2025-01-08,CUST1,1265.3859096440149,44.95120542630928,136.09148403243017,347.9830087035296,1794.4116078062839
ORD000103,A1,2693,142,2835,21,25,15,112,2025-01-08,CUST3,709.8745969913413,26.777651933725267,136.4171579866714,209.52762841778846,1082.5970353295263
ORD000104,A2,1614,160,1774,30,18,12,96,2025-01-08,CUST1,460.10174164180705,26.397252196776225,84.31131970679422,122.68543647970607,693.4957500250836
ORD000105,A2,4991,235,5226,22,53,19,98,2025-01-08,CUST3,869.3784798206389,47.92911746567417,95.77360521655025,107.01496575897607,1120.0961682618392
ORD000106,A2,8115,261,8376,24,87,16,96,2025-01-08,CUST2,1780.728203069333,74.07274451209673,230.07875573345743,295.3000703394893,2380.1797736543763
ORD000107,A3,5797,216,6013,30,61,18,99,2025-01-08,CUST1,1545.7052349703708,48.69331550320347,181.83587641913596,435.90458977837324,2212.1390166710835
ORD000108,A3,7220,137,7357,38,67,12,110,2025-01-08,CUST1,1140.797332107544,52.26213575669821,135.04738172095236,256.3938409305114,1584.500690515706
ORD000109,A3,7255,229,7484,25,75,20,100,2025-01-08,CUST1,1543.0469537520805,56.97545633002463,319.57642853450045,215.10011750092778,2134.6989561175333
ORD000110,A1,5136,127,5263,20,46,19,114,2025-01-08,CUST3,1488.6576283745678,40.59650550328325,204.9129104749537,251.59276843447034,1985.759812787275
ORD000111,A1,4632,182,4814,28,40,14,119,2025-01-08,CUST3,841.0245271302388,38.184515998445555,106.98760000693214,146.41850824525406,1132.6151513808704
ORD000112,A1,1549,190,1739,40,15,18,115,2025-01-08,CUST4,350.67340218629454,37.6491227187588,41.278389988271655,105.72827479562027,535.3291896889452
ORD000113,A1,2749,241,2990,21,28,18,105,2025-01-08,CUST4,833.2922978521276,33.79323989899389,147.4156839867617,189.6229316659007,1204.1241534037838
ORD000114,A1,7671,296,7967,37,66,11,120,2025-01-08,CUST3,1353.82753455239,60.585170726661204,164.14393039637804,348.5786501711145,1927.1352858465439
ORD000115,A2,1527,212,1739,29,22,12,80,2025-01-08,CUST3,304.0788754293309,26.98435561121308,56.49252527915273,82.58209396171027,470.13785028140694
ORD000116,A2,2625,218,2843,35,31,13,92,2025-01-08,CUST4,465.4355517342863,43.58076715211196,53.93058648884727,120.6490886557488,683.5959940309942
ORD000117,A2,2024,164,2188,26,26,15,84,2025-01-08,CUST1,339.0159169901408,38.803080064425025,43.57567931083428,63.4169743278474,484.81165069324754
ORD000118,A2,5057,148,5205,21,47,16,111,2025-01-08,CUST3,1115.3191911597619,40.45999351810933,139.58993658479562,294.02317887236114,1589.3923001350279
ORD000119,A2,2606,157,2763,26,23,18,118,2025-01-08,CUST1,649.4429429451947,38.94574963205622,104.35225345767654,177.12825852891388,969.8692045638412
ORD000120,A3,4857,264,5121,24,46,10,111,2025-01-08,CUST1,953.180189179596,40.0845906766122,169.63593267401308,130.13232134897714,1293.0330338791982
ORD000121,A3,4941,171,5112,38,56,14,92,2025-01-08,CUST1,1130.229700207255,48.69497086134617,150.94321993156618,157.71870826259212,1487.5865992627594
ORD000122,A3,3579,149,3728,28,34,14,109,2025-01-08,CUST1,801.2846170015307,43.98943395763201,126.48816932031636,122.94424287327134,1094.7064631527505
ORD000123,A3,3685,195,3880,23,46,16,85,2025-01-08,CUST2,955.1249543143575,45.10138600442246,149.8378455392108,235.86296724230195,1385.9271531002928
ORD000124,A3,8432,147,8579,21,106,19,81,2025-01-08,CUST2,2446.7653479275477,72.39164381248229,316.26327030848546,575.5310960858791,3410.951358134395
ORD000125,A1,3704,207,3911,32,48,20,82,2025-01-09,CUST4,1173.1181230109823,41.99139765798484,137.3135528296047,282.1657013779085,1634.5887748764803
ORD000126,A1,5989,218,6207,23,73,10,85,2025-01-09,CUST4,1682.9905445787583,44.600646230334625,248.67843096335633,455.2865136660292,2431.5561354384786
ORD000127,A1,7347,196,7543,26,64,20,118,2025-01-09,CUST3,1571.8301786303005,62.20173315317455,293.0796278003284,365.3771841635405,2292.488723747344
ORD000128,A2,7317,165,7482,25,71,11,106,2025-01-09,CUST4,1228.5499227017751,48.41729584345837,184.24877004633584,186.10125007269804,1647.3172386642675
ORD000129,A2,2220,270,2490,34,25,18,98,2025-01-09,CUST1,434.070490668189,37.82874829749159,58.26923313557932,86.53267710825203,616.701149209512
ORD000130,A2,3978,263,4241,31,51,13,83,2025-01-09,CUST3,1241.7302476219463,45.12997374336964,166.33454398874494,241.26244639263936,1694.4572117467003
ORD000131,A2,3714,227,3941,27,36,10,108,2025-01-09,CUST1,1092.522682182113,42.34156486121088,197.62930895870292,316.1837941368635,1648.6773501388902
ORD000132,A3,8337,213,8550,29,83,19,103,2025-01-09,CUST3,1547.757041725811,70.1251105771687,201.36599926631283,277.2806064897091,2096.5287580590016
ORD000133,A3,4857,257,5114,33,54,12,95,2025-01-09,CUST1,906.7597703575433,57.27634461907374,187.63818458260008,230.57031353857377,1382.244613097791
ORD000134,A1,2723,231,2954,28,25,17,119,2025-01-09,CUST4,486.54687762832884,36.178691829045604,63.25910841138613,128.52777376936956,714.5124516381302
ORD000135,A1,4777,164,4941,33,53,10,94,2025-01-09,CUST3,1210.6209415407156,47.12364922017601,166.93252709296382,180.07422605250068,1604.7513439063564
ORD000136,A1,7153,219,7372,22,70,16,105,2025-01-09,CUST2,1224.1885548259029,45.68330588702648,200.6818180113755,261.0113501632595,1731.5650288875645
ORD000137,A2,2285,235,2520,34,29,19,87,2025-01-09,CUST2,450.01939970251794,41.7129265581934,84.00889571724133,86.59966132198967,662.3408832999423
ORD000138,A2,3308,203,3511,26,37,15,95,2025-01-09,CUST3,547.877815730146,35.773333871710236,83.7082208156942,149.31120428127232,816.6705746988229
ORD000139,A2,6454,135,6589,35,78,11,85,2025-01-09,CUST4,1485.4226001640866,68.43467034199469,308.64759727963946,416.72480177243597,2279.2296695581567
ORD000140,A3,4827,200,5027,28,57,14,88,2025-01-09,CUST2,1197.3023436107,45.41105790356417,187.7700018647268,252.30940823359524,1682.792811612586
ORD000141,A3,8357,131,8488,37,105,19,81,2025-01-09,CUST2,1599.6532118111522,74.0996998728997,327.8421870239804,425.19127718209495,2426.786375890127
ORD000142,A3,2450,194,2644,33,29,10,90,2025-01-09,CUST3,414.8851239139143,37.370086420735156,67.09478854616951,129.24879499326735,648.5987938740863
ORD000143,A3,3608,169,3777,23,44,20,86,2025-01-09,CUST1,709.9763547994071,46.49342738850837,141.74882505441235,181.946484092157,1080.1650913344847
ORD000144,A1,7669,254,7923,35,92,18,86,2025-01-10,CUST1,2211.3788434224316,73.15832461188994,268.44594195273726,492.24240989344656,3045.2255198805055
ORD000145,A1,2697,196,2893,23,30,12,97,2025-01-10,CUST3,835.7352653668638,32.72059953107337,156.7624936676189,131.39265539886205,1156.6110139644181
ORD000146,A1,7868,193,8061,29,93,10,87,2025-01-10,CUST2,1572.2176853450098,76.48783110646498,296.9514669221005,347.5676520310146,2293.2246354045897
ORD000147,A2,8978,297,9275,31,79,14,117,2025-01-10,CUST3,2478.023994222539,56.746218178138946,281.8984331680125,701.2514017549311,3517.9200473236215
ORD000148,A2,6069,244,6313,27,69,11,92,2025-01-10,CUST4,1238.5849000194387,61.35091330849607,190.54414424154592,225.4046280678237,1715.8845856373043
ORD000149,A2,7920,204,8124,25,92,15,88,2025-01-10,CUST4,1914.6790703113663,60.926952794380234,328.38524555704225,349.1979041549724,2653.189172817761
ORD000150,A3,2275,247,2522,39,21,14,119,2025-01-10,CUST1,439.6124502784531,32.4773165678232,66.50439465641121,97.88637647234609,636.4805379750336
ORD000151,A3,1846,223,2069,39,21,17,100,2025-01-10,CUST1,518.0000061058979,44.15825067382603,83.31560600952957,132.99324482932033,778.4671076185739
ORD000152,A3,2634,273,2907,27,29,15,99,2025-01-10,CUST3,567.7604720785994,39.33047431985636,103.29864054973972,155.13537614483943,865.5249630930348
ORD000153,A3,6351,256,6607,34,79,17,84,2025-01-10,CUST4,1037.7641127359364,71.50156276519408,154.445538774089,228.2620464134357,1491.973260688655
ORD000154,A1,4404,188,4592,30,40,16,116,2025-01-10,CUST4,955.7590871541233,44.009352091909264,163.38753081680915,180.983676575174,1344.1396466380158
ORD000155,A1,2867,170,3037,30,27,19,111,2025-01-10,CUST2,639.2167366970699,42.03958308442951,123.13931389359236,114.6087536174975,919.0043872925893
ORD000156,A1,2884,268,3152,30,28,18,114,2025-01-10,CUST2,543.9382575191465,42.92203161086881,67.74252916816374,117.36639797572764,771.9692162739067
ORD000157,A1,8424,245,8669,24,92,11,94,2025-01-10,CUST2,1495.6846956622765,54.12342479360642,288.3228698331297,197.38996043621606,2035.5209507252287
ORD000158,A2,8676,221,8897,39,77,10,116,2025-01-10,CUST2,1797.7087836529477,61.05979173269936,186.46730465337717,485.7999553379282,2531.0358353769525
ORD000159,A2,6481,173,6654,33,63,11,106,2025-01-10,CUST4,1772.120508297335,47.74108455395475,247.14642422835695,279.08717394260674,2346.0951910222534
ORD000160,A3,7545,240,7785,29,70,13,111,2025-01-10,CUST2,1389.321104895102,58.6511049525113,168.69867724116705,205.90869946704643,1822.579586555827
ORD000161,A3,7790,214,8004,27,99,14,81,2025-01-10,CUST4,1576.081836009671,61.56051916694744,230.86586233176962,391.1207152771372,2259.628932785525
ORD000162,A3,2099,149,2248,25,20,18,115,2025-01-10,CUST3,354.57637416544173,26.448045898406356,46.33329435221045,46.835722837820185,474.1934372538787
ORD000163,A1,3100,291,3391,25,42,11,81,2025-01-13,CUST3,878.5369452181964,33.597306442131085,149.87846541053958,213.79077574390234,1275.8034928147692
ORD000164,A1,2555,279,2834,36,31,18,91,2025-01-13,CUST2,436.99279448874734,35.61658412216771,90.48273185022062,84.08432596170735,647.176436422843
ORD000165,A1,4670,291,4961,29,48,13,103,2025-01-13,CUST1,1351.8216496329674,42.409163534098056,208.30057060848316,211.1291923012562,1813.6605760768048
ORD000166,A1,7196,258,7454,32,67,13,112,2025-01-13,CUST2,2157.034002840373,49.76275722155902,385.388829574294,530.6703089008085,3122.8558985370346
ORD000167,A2,2006,193,2199,27,20,18,109,2025-01-13,CUST3,538.4376091249891,31.981247496953387,70.68745369612957,81.57620234949376,722.6825126675658
ORD000168,A2,2533,295,2828,37,31,19,91,2025-01-13,CUST4,608.2749441035523,46.917382664531914,92.64676941913915,108.6741704388048,856.5132666260282
ORD000169,A2,8259,155,8414,34,75,19,112,2025-01-13,CUST1,2191.465825887971,57.11535571500227,444.8978874762128,502.79234763642415,3196.27141671561
ORD000170,A2,5123,172,5295,22,58,10,91,2025-01-13,CUST3,1327.9182933339623,41.89497239819724,194.55085768850566,356.55261085203216,1920.9167342726973
ORD000171,A3,3896,193,4089,25,35,11,118,2025-01-13,CUST4,930.5472387381469,33.58843007098841,183.99480510415663,125.80882205160356,1273.9392959648956
ORD000172,A3,6599,299,6898,37,81,15,85,2025-01-13,CUST2,2053.0340241440567,68.12886042052119,352.6473909465268,559.5032678825878,3033.3135433936923
ORD000173,A3,7150,147,7297,20,79,20,92,2025-01-13,CUST3,1373.6945795490933,51.29600676453371,272.34614006536555,330.4231667583427,2027.7598931373352
ORD000174,A3,8092,273,8365,34,105,13,80,2025-01-13,CUST3,1277.6222960142811,87.75827502444726,200.48326772095672,278.75747132526675,1844.621310084952
ORD000175,A1,3785,225,4010,23,34,20,118,2025-01-13,CUST4,1157.7236709448816,34.69010147923743,200.73453654744273,153.2944398449346,1546.4427488164965
ORD000176,A1,8367,264,8631,30,80,10,108,2025-01-13,CUST3,1936.8312475859027,50.296816306055476,342.01751038532814,352.7278550158171,2681.8734292931035
ORD000177,A1,7695,257,7952,40,71,19,112,2025-01-13,CUST1,1986.0201693780423,74.44972583942265,330.17489040343764,444.5199306489252,2835.1647162698277
ORD000178,A2,6798,188,6986,30,71,20,99,2025-01-13,CUST3,1716.4553565815565,53.84249699982289,267.1554356515364,405.9024713931416,2443.3557606260574
ORD000179,A2,7031,298,7329,27,77,15,95,2025-01-13,CUST4,1963.7570554181432,52.947304729651734,247.3204222502958,454.1737080795057,2718.1984904775964
ORD000180,A2,4466,156,4622,27,44,13,106,2025-01-13,CUST2,1169.217724039107,42.565783758758684,217.22680200186937,306.79871053603597,1735.809020335771
ORD000181,A3,4651,278,4929,27,45,18,110,2025-01-13,CUST2,876.1009767968674,51.859586191705134,177.98093036070782,203.70834284665,1309.6498361959302
ORD000182,A3,2980,123,3103,24,37,17,85,2025-01-13,CUST3,829.9032516180041,33.999544999705186,166.85682706309285,218.07795633262134,1248.8375800134236
ORD000183,A3,6738,283,7021,40,63,11,111,2025-01-13,CUST2,1606.0817187234643,47.98098934472194,317.99351655220966,398.67111575678535,2370.7273403771815
ORD000184,A1,7362,295,7657,25,83,13,92,2025-01-14,CUST1,1763.0982451765976,57.943923021030585,227.41999221226524,461.33031612374054,2509.792476533634
ORD000185,A1,2776,287,3063,28,36,18,84,2025-01-14,CUST4,690.7865351924753,44.86419170934118,110.91247487677643,156.66123086412676,1003.2244326427196
ORD000186,A1,8355,196,8551,29,78,11,109,2025-01-14,CUST3,2080.535143751075,63.16190218791329,316.32517401794365,461.8496096014709,2921.8718295584026
ORD000187,A2,5636,206,5842,20,67,18,87,2025-01-14,CUST1,1699.8975540949841,44.64112307809974,294.39220423962723,363.08823066598984,2402.0191120787013
ORD000188,A2,5865,243,6108,23,52,13,117,2025-01-14,CUST3,1648.6291437134807,43.649247775098935,222.7829018022022,458.61244173799435,2373.6737350287763
ORD000189,A2,5335,192,5527,23,67,10,83,2025-01-14,CUST3,1298.395258970909,48.35274172722309,167.3370040641869,349.3801486392969,1863.465153401616
ORD000190,A3,8182,127,8309,39,91,12,91,2025-01-14,CUST1,1295.9665464543125,71.39815687161546,163.4488879796325,242.77395978642662,1773.5875510919868
ORD000191,A3,8380,181,8561,26,88,20,97,2025-01-14,CUST1,1700.688927057145,58.25142165956777,191.71295885010903,206.79925290936617,2157.452560476188
ORD000192,A3,5614,264,5878,25,63,17,94,2025-01-14,CUST3,1442.534094064934,48.27635760838328,192.75328021436087,369.83685655242124,2053.400588440099
ORD000193,A1,4165,120,4285,29,44,10,97,2025-01-14,CUST4,1158.940825825286,40.57344677451928,235.4071069935074,183.72178039869772,1618.6431599920104
ORD000194,A1,2985,125,3110,20,33,12,95,2025-01-14,CUST1,787.1794768919358,29.62351946720414,133.8735292377864,164.75253108506064,1115.429056681987
ORD000195,A1,8163,263,8426,25,75,13,112,2025-01-14,CUST3,2427.112462251169,57.69980125151207,495.5976238659377,618.3098894471236,3598.719776815742
ORD000196,A2,8052,261,8313,32,86,13,97,2025-01-14,CUST1,1427.1143485330485,58.208097293735,179.6139873465532,305.15960470007576,1970.0960378734123
ORD000197,A2,3749,277,4026,20,37,12,109,2025-01-14,CUST3,1126.5580354423955,35.00336039606901,228.38944191420822,238.53003896191478,1628.4808767145873
ORD000198,A2,5097,299,5396,39,48,10,113,2025-01-14,CUST4,988.0989445676669,48.61354415266329,153.4236971947978,285.32512593144133,1475.4613118465693
ORD000199,A3,2598,262,2860,32,34,13,84,2025-01-14,CUST4,622.3589993712727,36.00531917972234,123.28932824625255,86.47242912617739,868.1260759234251
ORD000200,A3,5868,122,5990,39,61,19,99,2025-01-14,CUST1,1462.77187205232,64.55213313647315,205.06653414966817,381.98288258234186,2114.373421920803
ORD000201,A3,6315,257,6572,29,66,15,99,2025-01-14,CUST2,1567.7768466146342,51.69858154023635,216.35702642815718,343.6119629407782,2179.444417523806
ORD000202,A1,2138,261,2399,20,25,13,95,2025-01-15,CUST4,688.4070814702792,27.92618637867993,103.55973308947218,106.56208840718618,926.4550893456175
ORD000203,A1,2253,281,2534,37,22,13,116,2025-01-15,CUST1,697.2108494633108,38.01865000729691,78.06913841248145,181.93642905635733,995.2350669394464
ORD000204,A1,1840,126,1966,32,17,16,117,2025-01-15,CUST4,480.2584445261874,35.247169906691155,58.23222862746704,93.04956705990642,666.787410120252
ORD000205,A1,7643,162,7805,40,81,12,96,2025-01-15,CUST2,1311.3519632951154,57.68826906236711,192.6077011233287,210.4131121739288,1772.0610456547402
ORD000206,A2,4042,191,4233,40,52,11,82,2025-01-15,CUST4,851.1444732750435,53.97153922711988,175.05278327126507,159.65840561736937,1239.8272013907979
ORD000207,A2,2483,208,2691,32,34,10,80,2025-01-15,CUST4,440.8003052430479,32.171697096606785,84.48658973347621,123.54326151303201,681.001853586163
ORD000208,A2,5469,246,5715,21,53,19,108,2025-01-15,CUST4,1349.9078583376574,43.46213496956953,195.75420023299048,278.7676105106555,1867.891804050873
ORD000209,A3,6489,120,6609,37,83,13,80,2025-01-15,CUST1,1197.680679251939,63.40393498916851,198.23265958087302,152.92082098718893,1612.2380948091695
ORD000210,A3,2697,194,2891,22,34,12,86,2025-01-15,CUST2,689.1104418825031,39.127142313755805,78.49887701660332,160.13057381562942,966.8670350284916
ORD000211,A3,5620,177,5797,29,55,10,105,2025-01-15,CUST2,1234.8556037278029,52.7921217720551,166.2177474327979,338.3350215830201,1792.200494515676
ORD000212,A3,6004,154,6158,33,64,16,96,2025-01-15,CUST4,942.150083388969,52.76184198920617,191.7558402610616,140.68337594964743,1327.351141588884
ORD000213,A1,6782,132,6914,32,58,15,120,2025-01-15,CUST3,1081.1067709818378,46.93585742344164,146.4277274396281,170.95761309439226,1445.4279689392997
ORD000214,A1,7816,273,8089,25,86,10,94,2025-01-15,CUST2,1539.2918690673741,55.09976933240712,188.14701347411477,315.13427808016104,2097.672929954057
ORD000215,A1,2911,287,3198,29,34,13,93,2025-01-15,CUST1,572.9256465514978,34.94953025072895,83.7077435916825,154.98237729736965,846.5652976912789
ORD000216,A2,1860,132,1992,26,22,15,90,2025-01-15,CUST4,441.07492251811914,30.646759110195738,85.91263214044436,75.52854313435466,633.1628569031138
ORD000217,A2,3461,136,3597,35,44,17,82,2025-01-15,CUST4,685.4494418582499,45.11050710635187,97.46953481277346,97.75343095127039,925.7829147286456
ORD000218,A2,7366,248,7614,31,67,13,114,2025-01-15,CUST2,2263.3831383397373,52.527704849021305,405.37147172877565,534.531925849442,3255.814240766976
ORD000219,A2,7608,185,7793,33,81,15,96,2025-01-15,CUST4,1374.6513768318118,69.95782240771368,216.35785298937745,282.98810744833247,1943.9551596772353
ORD000220,A3,8540,240,8780,20,85,16,103,2025-01-15,CUST1,2061.848359788449,52.97757741207534,356.4390419868393,456.26791032942435,2927.532889516788
ORD000221,A3,3576,140,3716,39,34,18,109,2025-01-15,CUST1,1043.2885837388594,40.640551155921095,116.64836948539235,274.3245853365195,1474.9020897166922
ORD000222,A3,8633,120,8753,31,76,12,115,2025-01-15,CUST4,2539.209712817893,50.34304505945046,339.01596104309436,719.5383608553738,3648.1070797758116
ORD000223,A1,3574,140,3714,33,46,18,81,2025-01-16,CUST2,1005.8793132539782,56.27639345106219,149.5440042826247,135.13788956120834,1346.8376005488735
ORD000224,A1,4367,148,4515,24,43,15,105,2025-01-16,CUST3,1125.7769508935353,42.07223980198666,145.12719639855723,133.72454456211076,1446.70093165619
ORD000225,A1,7228,253,7481,21,64,20,116,2025-01-16,CUST4,1753.4717514796491,50.79897892171499,277.72949663186176,403.33671673015976,2485.3369437633855
ORD000226,A1,1928,291,2219,20,21,15,105,2025-01-16,CUST1,387.23214567055294,25.272925042203788,51.854480378904775,55.9196017495649,520.2791528412264
ORD000227,A2,5630,195,5825,21,49,14,118,2025-01-16,CUST2,1362.127292438891,43.304640098902674,208.59256211444188,228.1207890663546,1842.1452837185898
ORD000228,A2,4256,257,4513,37,43,15,105,2025-01-16,CUST3,917.8788607197963,51.854114059303626,163.6399626010184,126.07434692213766,1259.447284302256
ORD000229,A2,6516,137,6653,23,71,13,94,2025-01-16,CUST2,1821.2040120599593,60.260400393655445,374.5685512668176,395.12227475971184,2651.155238480144
ORD000230,A3,1528,160,1688,36,17,16,101,2025-01-16,CUST2,493.400524465694,30.57200574467753,99.60592287535407,75.74305082469077,699.3215039104163
ORD000231,A3,8318,145,8463,31,80,11,106,2025-01-16,CUST3,1882.8228441076415,55.06292439438726,230.835858600954,421.11414224123905,2589.835769344222
ORD000232,A3,6838,288,7126,36,76,16,94,2025-01-16,CUST2,1671.1442343140955,70.70448071415649,280.35454838382833,331.2680253141195,2353.4712887262
ORD000233,A3,2759,196,2955,30,25,16,120,2025-01-16,CUST2,552.9886927356071,31.964252866649225,78.4201284034291,87.58110932310468,750.95418332879
ORD000234,A1,7406,279,7685,38,71,17,109,2025-01-16,CUST3,1751.7086614382501,70.0176669589663,205.0017466948123,482.55611182754535,2509.284186919574
ORD000235,A1,1926,209,2135,30,19,16,111,2025-01-16,CUST2,510.40683444838874,33.23596829609939,54.85252506668107,68.0717176602623,666.5670454714315
ORD000236,A1,7100,248,7348,29,73,20,101,2025-01-16,CUST2,2030.2866200110368,53.64377996882087,257.42198569524743,273.3916077680578,2614.7439934431627
ORD000237,A1,7852,133,7985,35,95,18,84,2025-01-16,CUST2,1549.4708367773612,85.28859984287924,171.6038536387515,200.28291245455122,2006.6462027135433
ORD000238,A2,5433,145,5578,24,59,11,95,2025-01-16,CUST4,1641.298377416649,44.97500573523398,210.09597444254857,290.24517862651635,2186.6145362209477
ORD000239,A2,2738,221,2959,36,36,11,83,2025-01-16,CUST3,880.8498623893958,35.28869466446614,115.48153548109607,139.00444712750087,1170.6245396624588
ORD000240,A2,7330,289,7619,22,90,11,85,2025-01-16,CUST3,1570.3624485397659,70.71023191534542,220.35500181274932,287.0727676983639,2148.5004499662246
ORD000241,A3,3791,282,4073,20,35,11,115,2025-01-16,CUST2,695.7294543358016,28.296027435184488,134.16046070718141,187.94486570374008,1046.1308081819075
ORD000242,A3,8781,299,9080,32,114,17,80,2025-01-16,CUST4,2216.758162009553,68.27433249624347,320.53464709189115,647.9514943148791,3253.518635912567
ORD000243,A3,2357,291,2648,38,30,13,87,2025-01-16,CUST1,515.1195613727959,34.601810188886034,109.0399744559943,144.39448895486748,803.1558349725437
ORD000244,A3,3937,133,4070,35,45,16,90,2025-01-16,CUST3,966.237862831403,50.49720010242022,113.92249768229438,236.2320896786985,1366.8896502948162
ORD000245,A1,3122,242,3364,31,35,15,97,2025-01-17,CUST4,879.4371600547904,44.84025893160842,103.00210709571103,210.09441985607862,1237.3739459381886
ORD000246,A1,6529,200,6729,24,69,13,98,2025-01-17,CUST2,1801.4788072552922,60.95149635265882,222.98482872951757,283.12133172356687,2368.5364640610355
ORD000247,A1,3200,224,3424,25,30,14,116,2025-01-17,CUST1,749.106990738497,38.34464935184114,90.21629494863728,120.49865126918628,998.1665863081616
ORD000248,A2,7472,275,7747,31,65,18,119,2025-01-17,CUST4,1725.4761337958037,63.16689671837558,194.50304457317304,346.3373227042447,2329.483397791597
ORD000249,A2,7411,191,7602,24,88,13,86,2025-01-17,CUST3,2013.0275545845204,64.50623004716904,338.2056894854715,351.6554393514263,2767.3949134685868
ORD000250,A2,5500,274,5774,28,61,10,95,2025-01-17,CUST4,1448.150680847731,48.1806833898671,196.8656245716398,326.01806597171674,2019.2150547809547
ORD000251,A3,8108,252,8360,25,104,14,80,2025-01-17,CUST4,2138.5531626591637,76.54854898853927,262.69525133835657,302.65726810894455,2780.454231095004
ORD000252,A3,7495,265,7760,31,67,19,115,2025-01-17,CUST4,1291.0653180049499,59.63669145393347,169.77872368748606,232.33822928661178,1752.8189624329812
ORD000253,A3,6838,153,6991,37,65,15,108,2025-01-17,CUST2,1867.6821099502274,59.40667570625819,267.90820482435083,326.88979300833967,2521.886783489176
ORD000254,A1,5890,263,6153,38,54,18,113,2025-01-17,CUST3,1213.2720417949797,48.326082935838464,193.08326846127537,335.829003663275,1790.5103968553685
ORD000255,A1,4413,214,4627,38,49,10,95,2025-01-17,CUST1,1123.100432663688,46.02240549234354,232.75302135871414,325.0680428291856,1726.943902343931
ORD000256,A1,2902,146,3048,33,37,16,82,2025-01-17,CUST3,671.6308890299966,45.37378192617252,114.31157902742873,196.2862777839177,1027.6025277675155
ORD000257,A2,8647,293,8940,39,79,14,113,2025-01-17,CUST2,2447.33816719285,71.1144589056516,259.9953440570853,364.0862242887246,3142.5341944443117
ORD000258,A2,3207,297,3504,20,29,13,119,2025-01-17,CUST3,801.6345230893883,28.264895148426017,155.52975054214224,212.39132689403957,1197.820495673996
ORD000259,A2,5017,287,5304,32,48,20,110,2025-01-17,CUST4,934.0025759462189,47.97309756521734,125.35908650374901,132.82916869197828,1240.1639287071637
ORD000260,A3,7827,219,8046,39,79,18,102,2025-01-17,CUST3,1947.6058117797163,73.48914236796777,239.4704849491552,278.2244325946534,2538.789871691493
ORD000261,A3,4031,272,4303,28,51,20,85,2025-01-17,CUST1,659.7372823423567,42.093119069412666,94.3959442412092,186.80130769459666,983.0276533475752
ORD000262,A3,2872,122,2994,30,29,19,102,2025-01-17,CUST2,532.8152159639052,37.05786308046582,80.25282591299522,89.26001087624299,739.3859158336093
ORD000263,A1,1699,224,1923,34,19,19,103,2025-01-20,CUST3,308.8611555859724,33.763556729503414,52.56183016547402,40.25941833120221,435.44596081215207
ORD000264,A1,3275,217,3492,28,33,10,106,2025-01-20,CUST4,872.0610093846472,32.929077753511685,148.00114791161528,140.5833649062726,1193.5745999560468
ORD000265,A1,4806,267,5073,31,49,16,104,2025-01-20,CUST4,810.9972805438455,55.82582401423312,124.50484219761869,220.9281859887114,1212.2561327444087
ORD000266,A1,3908,263,4171,24,52,20,80,2025-01-20,CUST1,644.2962449440207,45.25907810330438,83.39964761001407,138.90405635010094,911.8590270074402
ORD000267,A2,6010,285,6295,39,54,19,116,2025-01-20,CUST1,1241.0358831494266,60.188909679263766,165.73294506010308,194.7222236270017,1661.6799615157952
ORD000268,A2,4867,169,5036,26,55,16,91,2025-01-20,CUST2,918.7774987090316,56.35959922329072,176.14816883533186,267.0931899448975,1418.3784567125517
ORD000269,A2,4383,149,4532,37,40,15,113,2025-01-20,CUST3,942.497250172571,50.33549988546183,123.2130199585194,138.9518992345444,1254.9976692510966
ORD000270,A3,4835,288,5123,32,56,15,91,2025-01-20,CUST3,923.1113364808076,43.53639257800594,102.59256744182937,225.89308002308152,1295.1333765237243
ORD000271,A3,2299,269,2568,33,23,19,110,2025-01-20,CUST4,489.7021406895826,38.161192064533424,84.23495079031791,138.2305672422412,750.3288507866753
ORD000272,A3,8742,153,8895,29,87,18,102,2025-01-20,CUST4,1530.5067145247665,71.00905425912894,215.2772158669887,454.1200944711309,2270.913079122015
ORD000273,A3,3396,127,3523,35,31,13,114,2025-01-20,CUST2,655.6942487461629,40.750939743905036,121.30560361248288,108.83425617630175,926.5850482788526
ORD000274,A1,3243,187,3430,32,31,15,112,2025-01-20,CUST1,865.8276708562754,37.47565172513173,147.92547592120744,165.88306094921242,1217.111859451827
ORD000275,A1,6401,235,6636,23,67,10,99,2025-01-20,CUST2,1651.9446249235325,42.96578837098698,268.400155171282,443.4422076495995,2406.752776115401
ORD000276,A1,8133,202,8335,26,75,18,111,2025-01-20,CUST2,2441.421616502321,67.97685267710733,359.73305617091495,614.3907035418814,3483.5222288922246
ORD000277,A1,1709,224,1933,25,23,13,85,2025-01-20,CUST3,388.8224210807612,26.885479775018595,43.80845352679129,91.5375121482209,551.053866530792
ORD000278,A2,2813,158,2971,37,25,15,118,2025-01-20,CUST3,699.5580812070144,32.2838099699784,131.43246356345918,134.70546669500646,997.9798214354585
ORD000279,A2,6234,173,6407,38,67,19,95,2025-01-20,CUST4,992.2269399276249,56.295885120161905,126.53105882687969,278.24838433082033,1453.3022682054868
ORD000280,A2,2834,257,3091,40,32,14,98,2025-01-20,CUST1,739.4376573699484,43.715408029049115,91.35946184753729,138.49791977058155,1013.0104470171165
ORD000281,A2,2915,296,3211,40,32,16,100,2025-01-20,CUST4,564.7252366175392,41.43107591042063,116.5063013763399,78.92468001037123,801.587293914671
ORD000282,A3,4083,205,4288,23,40,19,107,2025-01-20,CUST4,1030.865386685067,36.626804704557074,133.87382419848166,127.68188742204092,1329.0479030101467
ORD000283,A3,8810,263,9073,36,109,16,83,2025-01-20,CUST1,2275.9025063404138,73.80786451596039,391.39825015440164,673.0152950057129,3414.1239160164887
ORD000284,A3,6608,138,6746,20,63,19,107,2025-01-20,CUST2,1428.256369239131,51.2380166075777,199.45604525190436,191.3247604287885,1870.2751915274016
ORD000285,A1,5905,253,6158,35,51,20,120,2025-01-21,CUST3,1129.4822667279288,46.39561653194097,195.26488194315124,277.3941196866211,1648.5368848896421
ORD000286,A1,7434,130,7564,24,91,16,83,2025-01-21,CUST3,1590.54011435334,64.69912114241971,219.52765179779914,311.2748490732388,2186.0417363667975
ORD000287,A1,2558,271,2829,30,25,11,111,2025-01-21,CUST3,491.66183430822406,32.840066561559844,59.58049907801729,80.80161604276732,664.8840159905685
ORD000288,A2,7837,180,8017,31,98,18,82,2025-01-21,CUST2,1391.0173936481149,78.19108336824411,164.65005519628997,274.54436663519164,1908.4028988478406
ORD000289,A2,8283,263,8546,38,106,10,81,2025-01-21,CUST4,1289.3109988146778,75.62713850279349,214.53805514172643,277.7674209685707,1857.2436134277682
ORD000290,A3,6135,194,6329,35,68,16,93,2025-01-21,CUST4,1154.8668360886982,52.02409952124069,152.06017201031807,183.22198498157013,1542.1730926018272
ORD000291,A3,5175,188,5363,37,50,14,108,2025-01-21,CUST2,1075.0980498539122,52.83662296834322,189.34065413411946,165.54767370297398,1482.8230006593487
ORD000292,A3,4798,169,4967,23,49,19,102,2025-01-21,CUST3,940.0638000969591,50.92286144931463,116.21001412838423,148.59297496527006,1255.789650639928
ORD000293,A1,7026,153,7179,31,70,18,102,2025-01-21,CUST1,1731.716551316897,65.12415210975155,196.15536928753139,353.769743731767,2346.765816445947
ORD000294,A1,3111,156,3267,30,32,20,101,2025-01-21,CUST4,957.9613593016054,41.13708830837413,171.55306994977704,270.77321712444484,1441.4247346842012
ORD000295,A1,8205,242,8447,25,95,18,89,2025-01-21,CUST4,2254.609669027905,63.064589488431174,410.78879249262565,647.128635635131,3375.591686644093
ORD000296,A2,2037,299,2336,27,25,10,93,2025-01-21,CUST4,480.87111876289805,27.757799927945317,56.07144821234438,86.83002105639648,651.5303879595842
ORD000297,A2,6305,263,6568,34,59,11,111,2025-01-21,CUST4,1441.614019436691,43.340908758813825,281.1978392313824,203.16632457357747,1969.3190920004647
ORD000298,A2,6746,151,6897,32,63,20,110,2025-01-21,CUST3,1337.9399109511742,49.28912123563123,172.7227865722266,179.46587208465743,1739.4176908436893
ORD000299,A2,5836,134,5970,24,69,14,87,2025-01-21,CUST3,1664.9878463321452,58.70686151369086,199.62164858366972,305.55965648254096,2228.8760129120465
ORD000300,A3,8631,259,8890,36,85,19,104,2025-01-21,CUST1,1658.0944779553597,63.251516395899905,310.1098124304541,225.4669520342449,2256.922758815959
ORD000301,A3,4764,281,5045,26,46,10,110,2025-01-21,CUST4,1447.7436819797197,36.16341293854246,273.03907807028367,185.44171446645456,1942.3878874550005
ORD000302,A3,5209,235,5444,21,56,17,98,2025-01-21,CUST2,921.920954827408,46.4528374646655,107.433982896665,183.63311425219905,1259.4408894409376
ORD000303,A1,2073,181,2254,22,22,17,101,2025-01-22,CUST4,450.1779845869589,26.53615375003246,74.58790268086649,70.56719184429724,621.8692328621551
ORD000304,A1,5041,207,5248,36,44,17,118,2025-01-22,CUST2,985.8928971740779,47.909017929357795,206.67320812895923,286.5420879764128,1527.0172112088078
ORD000305,A1,6873,228,7101,28,72,20,98,2025-01-22,CUST3,1190.7777620772936,65.76961624504813,220.86764947232643,264.48705253056437,1741.9020803252326
ORD000306,A1,5332,283,5615,23,47,11,119,2025-01-22,CUST3,1625.4776622649567,36.31415973089843,269.3683287828685,381.2601284397573,2312.420279218481
ORD000307,A2,2705,196,2901,25,29,12,100,2025-01-22,CUST1,858.8362711085149,31.96135990980129,171.9600880178916,148.9594023882753,1211.7171214244831
ORD000308,A2,4991,236,5227,20,45,11,116,2025-01-22,CUST4,1187.1956116319716,36.12323598288071,138.3652567052495,221.49004072419766,1583.1741450442994
ORD000309,A2,4429,236,4665,25,43,14,109,2025-01-22,CUST4,1188.2029554019596,39.156142274451206,171.5799814962498,236.5489609726131,1635.4880401452735
ORD000310,A2,8540,180,8720,31,88,14,99,2025-01-22,CUST2,1940.292889467945,73.88766031858053,325.81088599318304,275.90311292248924,2615.894548702198
ORD000311,A3,4046,129,4175,24,52,17,80,2025-01-22,CUST2,880.6751595458231,40.15381912458775,168.5273263506077,249.62548594168518,1338.9817909627036
ORD000312,A3,8951,288,9239,21,80,15,116,2025-01-22,CUST3,2041.8910477122151,60.495815734578336,373.41135775022894,391.27795426659736,2867.0761754636196
ORD000313,A3,7333,278,7611,30,64,20,118,2025-01-22,CUST2,2096.2068443757353,50.59569393655953,417.16427156721636,529.8866088055396,3093.853418685051
ORD000314,A3,5373,120,5493,34,50,16,110,2025-01-22,CUST3,1387.2591737449638,46.47084131114283,269.9347418081559,203.80072286487874,1907.4654797291412
ORD000315,A1,2904,235,3139,24,31,17,100,2025-01-22,CUST3,935.8644734842037,37.30988366603626,106.66062105374998,233.06662473817138,1312.9016029421614
ORD000316,A1,3525,125,3650,37,32,18,114,2025-01-22,CUST1,1079.7012030174776,42.348359028240715,120.6876087464239,269.06553159839854,1511.8027023905408
ORD000317,A1,5848,181,6029,39,62,20,97,2025-01-22,CUST4,949.4869646628032,59.26896588722665,127.49165597647124,217.1890679731711,1353.4366544996722
ORD000318,A2,2749,286,3035,23,34,13,89,2025-01-22,CUST2,764.5298049251918,31.323217966439525,118.28453288706444,172.16880578767083,1086.3063615663666
ORD000319,A2,2259,194,2453,36,25,10,100,2025-01-22,CUST4,402.75770786915194,32.78760157388047,52.13150605154,74.13659804578161,561.813413540354
ORD000320,A2,1861,145,2006,21,21,10,94,2025-01-22,CUST3,516.2547720631006,21.837148367698468,100.9620456252013,84.34988177625738,723.4038478322577
ORD000321,A2,7831,203,8034,37,73,11,110,2025-01-22,CUST1,1490.2006429787061,61.1306666745304,217.19709957020564,406.61732187890226,2175.1457311023446
ORD000322,A3,4993,297,5290,28,44,20,120,2025-01-22,CUST4,837.9373601852291,49.9842533492065,95.109615634002,225.06255546805005,1208.0937846364877
ORD000323,A3,3380,141,3521,27,35,17,102,2025-01-22,CUST4,646.8206521328008,35.36013585621547,124.29408173561121,98.95599372362966,905.4308634482572
ORD000324,A3,2614,269,2883,31,35,11,82,2025-01-22,CUST2,666.2957189891702,43.686219576261465,102.8051250822071,175.00760491794026,987.794668565579
ORD000325,A3,4360,158,4518,31,53,10,85,2025-01-22,CUST4,868.8440107435022,44.79933349725385,181.5695094172089,121.13377283180584,1216.3466264897706
ORD000326,A1,6328,194,6522,31,77,14,85,2025-01-23,CUST2,1314.253393214231,64.73795105005418,225.7145245692206,371.7808724682767,1976.4867413017823
ORD000327,A1,6886,215,7101,30,73,10,97,2025-01-23,CUST2,2129.480766593323,65.35798506088265,428.81798541636795,492.9266618904309,3116.583398961004
ORD000328,A1,5458,242,5700,24,51,14,112,2025-01-23,CUST1,862.3835038698284,46.69310970431094,123.54777445705099,229.02764117326333,1261.6520292044538
ORD000329,A2,6446,264,6710,22,73,10,92,2025-01-23,CUST2,1783.8516114573667,52.26537024812028,341.7305721092487,289.2194387524639,2467.0669925671996
ORD000330,A2,8874,178,9052,37,99,12,91,2025-01-23,CUST2,1785.9024633894142,74.11980251809038,192.33864385082785,261.1910594230317,2313.5519691813643
ORD000331,A3,3698,271,3969,23,43,18,92,2025-01-23,CUST2,990.7992731051002,43.558328081706335,194.82705338260016,227.9080308114091,1457.0926853808157
ORD000332,A3,7057,263,7320,29,78,15,94,2025-01-23,CUST1,1280.0871467745706,61.19541268065041,165.48216989027281,203.65530147971373,1710.4200308252075
ORD000333,A3,4469,204,4673,33,56,11,84,2025-01-23,CUST1,791.6717538088246,57.33062467367027,94.8888529084324,199.76099160017586,1143.6522229911031
ORD000334,A3,4785,193,4978,33,47,19,107,2025-01-23,CUST3,1380.6826252326048,55.005491740076124,184.62377765641384,166.87355653003078,1787.1854511591255
ORD000335,A1,3768,120,3888,27,38,12,103,2025-01-23,CUST4,1147.965709355964,42.867942167142175,213.2269070687505,228.89721556847087,1632.9577741603275
ORD000336,A1,1715,284,1999,24,21,11,96,2025-01-23,CUST2,386.4951761382223,32.0909230365009,48.16508842223398,108.60174026196303,575.3529278589202
ORD000337,A1,7727,197,7924,20,81,14,98,2025-01-23,CUST3,1256.5143374050128,49.445215045938134,170.33559588819847,204.961580721708,1681.2567290608574
ORD000338,A1,4723,299,5022,27,50,15,101,2025-01-23,CUST3,1275.2686329718144,50.031499202230115,253.65629964805123,262.97375644641545,1841.9301882685113
ORD000339,A1,7300,247,7547,35,82,14,92,2025-01-23,CUST1,1984.1225250388877,59.961012871324634,271.42511438365125,503.0686036006927,2818.5772558945564
ORD000340,A2,6955,121,7076,36,63,20,113,2025-01-23,CUST2,1819.8090775539576,49.96029972678973,261.0130039528409,317.622911741907,2448.4052929754953
ORD000341,A2,8831,170,9001,33,79,11,114,2025-01-23,CUST4,2129.8625519775715,62.242851199534975,402.94004061962295,553.401584787176,3148.447028583905
ORD000342,A2,1933,286,2219,21,24,16,94,2025-01-23,CUST1,469.86980791245327,34.115275672568615,53.57100263459384,58.82717153851662,616.3832577581323
ORD000343,A2,2454,188,2642,38,26,20,102,2025-01-23,CUST2,454.6594890266347,42.89432958386431,64.38793467455041,73.80797947470278,635.7497327597521
ORD000344,A3,3725,288,4013,37,35,14,115,2025-01-23,CUST3,901.8532883226593,42.57553531156126,139.2708801470818,245.46701897161407,1329.1667227529165
ORD000345,A3,6203,290,6493,23,68,18,96,2025-01-23,CUST2,983.2058541342955,61.04143748664372,112.42139331852725,119.6077191622302,1276.2764041016967
ORD000346,A3,6856,255,7111,39,60,20,119,2025-01-23,CUST2,1576.6365259358593,66.12615077641257,285.94927711527134,320.15779421756736,2248.8697480451106
ORD000347,A1,3876,180,4056,37,47,11,86,2025-01-24,CUST1,1137.8168718701086,48.46681673491096,168.67947161416055,179.57197467118263,1534.5351348903628
ORD000348,A1,4775,245,5020,35,42,13,119,2025-01-24,CUST2,988.8859405625166,43.39570969785815,114.19200855770865,173.00425243345643,1319.47791125154
ORD000349,A1,5443,143,5586,36,48,13,117,2025-01-24,CUST4,1613.1828759189957,48.69121037209232,247.35982451194337,210.2544171389661,2119.4883279419973
ORD000350,A2,8002,207,8209,31,83,13,99,2025-01-24,CUST2,2456.8338631404545,57.58510986163897,334.53966758341033,575.2554228438423,3424.2140634293464
ORD000351,A2,8099,228,8327,33,82,10,101,2025-01-24,CUST2,1656.8196011956659,60.851310722940525,182.90742824310473,459.112476611173,2359.6908167728843
ORD000352,A3,6098,173,6271,38,77,18,81,2025-01-24,CUST1,1760.8931634931294,69.08079608041369,348.38685901651166,458.16368807792026,2636.524506667975
ORD000353,A3,3592,145,3737,21,46,16,82,2025-01-24,CUST2,606.0970711893441,44.11970177077312,93.44419449054156,171.2510035894144,914.9119710400731
ORD000354,A3,3723,232,3955,32,43,16,91,2025-01-24,CUST3,1032.6329374660072,48.39300478019072,139.5188332872863,240.98909473064032,1461.5338702641245
ORD000355,A3,4210,145,4355,36,50,14,87,2025-01-24,CUST1,696.3501162035476,42.969841102218226,142.5702319894351,138.5676310724712,1020.4578203676721
ORD000356,A1,4087,179,4266,39,45,10,94,2025-01-24,CUST4,1144.0532968920945,49.2515043380572,136.8423117811479,279.78639375162373,1609.9335067629233
ORD000357,A1,4315,214,4529,20,38,10,120,2025-01-24,CUST1,1122.0508958452272,35.40502186714077,222.2808269543702,211.79930300140606,1591.5360476681442
ORD000358,A1,4520,147,4667,30,39,16,119,2025-01-24,CUST1,1250.615245375793,48.5589044671725,257.3947704074537,279.63792934157266,1836.2068495919916
ORD000359,A1,5050,158,5208,29,51,16,102,2025-01-24,CUST2,932.0960641103235,47.55008435487352,126.94323595008419,253.68758495066697,1360.2769693659484
ORD000360,A2,5206,286,5492,20,67,19,82,2025-01-24,CUST4,1274.4764823442788,49.18106318530979,251.8938546479917,238.3294597381124,1813.8808599156928
ORD000361,A2,7636,298,7934,21,97,14,82,2025-01-24,CUST2,1341.2498460585855,74.90310934722895,255.75695103433335,213.7938519364785,1885.7037583766262
ORD000362,A2,8408,195,8603,25,78,14,110,2025-01-24,CUST2,1774.9217270529807,52.40741121245395,246.5229938948164,459.6592057254884,2533.5113378857395
ORD000363,A3,7651,254,7905,22,86,10,92,2025-01-24,CUST2,1486.3168616896228,64.1286323941642,280.4879815562122,370.5416452058022,2201.4751208458015
ORD000364,A3,7568,298,7866,23,69,11,114,2025-01-24,CUST4,1972.9158151490606,49.08368023416344,337.50839440899085,376.4577592569555,2735.96564904917
ORD000365,A3,3644,149,3793,31,45,19,85,2025-01-24,CUST1,1038.922988192125,41.76973416627547,186.94797711860807,246.9271830059101,1514.5678824829188
ORD000366,A1,5152,230,5382,26,52,20,103,2025-01-27,CUST2,1011.9231499623392,51.215830290863245,212.399973564449,317.7570002813478,1593.2959540989991
ORD000367,A1,6759,152,6911,32,58,12,119,2025-01-27,CUST4,1602.9284025302443,43.55289640039618,309.63476893671134,332.28570927433975,2288.4017771416916
ORD000368,A1,4694,220,4914,30,49,16,101,2025-01-27,CUST4,1026.6578993027208,50.76395254085154,180.27687627683355,205.79991982027934,1463.4986479406853
ORD000369,A2,2171,167,2338,38,28,19,84,2025-01-27,CUST2,363.78407090302386,39.055204532868224,67.48741259807755,80.89378920456994,551.2204772385396
ORD000370,A2,2433,214,2647,38,29,18,92,2025-01-27,CUST1,447.08746402069943,37.25567021044678,77.74224071357854,89.1661752092042,651.251550153929
ORD000371,A2,4291,275,4566,36,40,11,114,2025-01-27,CUST2,1239.22240445859,37.94011675601943,137.9177570032851,226.91640055280783,1641.9966787707024
ORD000372,A2,5300,143,5443,40,49,15,112,2025-01-27,CUST1,1551.1231796679663,60.57498132143516,218.40961492386586,347.2767018851781,2177.3844777984455
ORD000373,A3,2506,164,2670,21,33,12,80,2025-01-27,CUST4,561.028441861354,30.573183825110544,105.90603572003799,170.97743598980784,868.4850973963104
ORD000374,A3,1984,165,2149,35,18,10,118,2025-01-27,CUST3,545.24108722329,36.01605515844166,106.87658037957823,86.39718879749346,774.5309115588033
ORD000375,A3,2610,167,2777,39,30,11,92,2025-01-27,CUST1,781.8472178121442,43.09460774229264,108.92187945010795,227.54787688983006,1161.4115818943749
ORD000376,A3,3833,128,3961,36,34,13,117,2025-01-27,CUST3,1104.895381305009,47.89373874214136,186.93732318807636,309.7581228508782,1649.484566086105
ORD000377,A3,4170,227,4397,25,46,11,96,2025-01-27,CUST3,1158.9991180365523,34.31910405851338,142.2995574852729,307.91572194637547,1643.5335015267142
ORD000378,A1,1843,215,2058,32,19,17,111,2025-01-27,CUST2,520.396742461088,30.93364473314027,71.46822318392805,142.13924628113432,764.9378566592907
ORD000379,A1,3003,270,3273,28,35,14,94,2025-01-27,CUST2,772.1110610901669,37.96128432507411,137.1511096831278,130.01834020238306,1077.2417953007518
ORD000380,A1,5382,148,5530,37,46,13,119,2025-01-27,CUST1,1109.8441131423178,52.28518553468447,162.87681274497697,202.11846326912038,1527.1245746910997
ORD000381,A1,1898,296,2194,32,20,15,108,2025-01-27,CUST4,606.213444828037,29.63931538238921,91.83264959577923,176.49782760117606,904.1832374073815
ORD000382,A1,4073,239,4312,36,51,18,85,2025-01-27,CUST4,1258.0453486839579,44.49115334518185,141.75718068122256,222.78189735495704,1667.0755800653192
ORD000383,A2,5028,153,5181,25,51,20,101,2025-01-27,CUST3,1486.9941020901135,44.56562596667009,290.122756523911,207.41841046426083,2029.1008950449555
ORD000384,A2,4518,192,4710,38,59,13,80,2025-01-27,CUST1,1130.0540927044203,59.563261475588114,143.5525336196831,294.6370935264951,1627.8069813261868
ORD000385,A2,1530,149,1679,30,15,12,113,2025-01-27,CUST4,448.2798865091715,31.11145764647412,75.73034664946984,130.17667436733402,685.2983651724495
ORD000386,A3,5061,245,5306,38,50,15,107,2025-01-27,CUST4,1013.6710461409012,59.28838828124813,136.53657286008035,270.55942552760666,1480.0554328098362
ORD000387,A3,3345,211,3556,36,39,15,92,2025-01-27,CUST4,600.6338773217533,38.40968350970168,119.92255371751563,152.83177681963045,911.7978913686011
ORD000388,A3,5511,123,5634,29,66,12,85,2025-01-27,CUST4,1170.68433677327,46.4611956141388,131.0739512249393,309.89378303537507,1658.113266647723
ORD000389,A3,4835,233,5068,20,59,17,86,2025-01-27,CUST2,1219.391061107715,53.66746196200502,189.0911384217011,291.4974012505824,1753.6470627420035
ORD000390,A1,7780,126,7906,33,80,15,99,2025-01-28,CUST4,1663.7730879459677,63.798923470642,217.48619121983248,315.0475225203426,2260.105725156785
ORD000391,A1,6057,167,6224,40,58,12,108,2025-01-28,CUST4,1206.894268756583,57.88665026798361,238.30474606351513,344.03270738587895,1847.1183724739606
ORD000392,A2,2054,286,2340,23,26,17,91,2025-01-28,CUST3,675.0982765837446,34.19388571251312,131.0078707929741,188.61014835324707,1028.910181442479
ORD000393,A2,5734,274,6008,39,50,19,119,2025-01-28,CUST3,955.5157852724501,51.961316998364445,178.63514520386138,188.6122011891293,1374.724448663805
ORD000394,A2,8225,155,8380,37,82,13,102,2025-01-28,CUST2,2241.3638120894907,72.45034281556778,390.86399400873285,587.3632792098799,3292.041428123671
ORD000395,A3,5191,124,5315,38,45,12,117,2025-01-28,CUST3,1401.3804978484516,52.00835609838823,219.13993962939216,378.3142909190809,2050.8430844953127
ORD000396,A3,5575,161,5736,21,49,18,116,2025-01-28,CUST2,1291.9160783376803,50.641876488362406,202.65027606462735,382.14448826023596,1927.352719150906
ORD000397,A3,8450,194,8644,26,104,11,83,2025-01-28,CUST1,1855.3907651293234,82.08159724191738,255.59837141542096,226.92012246707714,2419.9908562537385
ORD000398,A1,3803,170,3973,37,39,16,103,2025-01-28,CUST1,966.3271992152876,43.10900499612245,119.75927504333669,123.04840879745244,1252.243888052199
ORD000399,A1,7575,155,7730,31,85,13,91,2025-01-28,CUST3,1602.0676220073858,73.36010478984076,228.55379494163202,234.0609622652879,2138.0424840041464
ORD000400,A1,2587,214,2801,26,26,20,107,2025-01-28,CUST2,476.3797341200765,36.577465257241876,66.54474572568523,92.3158237241732,671.8177688271769
ORD000401,A1,8142,217,8359,37,83,13,101,2025-01-28,CUST4,1976.7550426880653,68.59738418336333,319.70308578926506,413.04009326800127,2778.095605928695
ORD000402,A2,3115,284,3399,36,35,20,96,2025-01-28,CUST3,517.1504163967261,48.39953505672727,97.38556371657089,112.6730768470769,775.6085920171012
ORD000403,A2,3434,240,3674,38,37,16,98,2025-01-28,CUST2,1004.449982726456,44.126438787273266,126.11027969120457,242.66749729239098,1417.354198497325
ORD000404,A2,8862,224,9086,29,100,12,91,2025-01-28,CUST2,2590.6788268202586,78.82499492040672,358.0377510597783,683.6361387902188,3711.1777115906625
ORD000405,A3,8859,192,9051,29,77,14,117,2025-01-28,CUST1,1827.044031243499,62.24889187235787,367.03442278370994,439.36302668492976,2695.690372584497
ORD000406,A3,6690,217,6907,22,81,20,85,2025-01-28,CUST3,1330.309999806649,62.4946365865681,148.3449349888376,225.5830679385865,1766.7326393206413
ORD000407,A3,5976,141,6117,35,74,16,83,2025-01-28,CUST4,1209.1050841583854,60.101461788177375,205.89656300752443,203.76563490840024,1678.8687438624875
ORD000408,A1,3875,227,4102,34,40,20,103,2025-01-29,CUST4,749.488029196981,43.45721638244042,98.49752715923559,162.65246761957778,1054.0952403582346
ORD000409,A1,8180,284,8464,21,76,13,111,2025-01-29,CUST2,2230.027792439566,51.46880173496667,428.6797769556615,648.8982228672322,3359.0745939974263
ORD000410,A1,3108,225,3333,24,28,14,118,2025-01-29,CUST1,848.7683763707956,33.40765015573231,108.24390796239184,209.8882662317889,1200.3082007207088
ORD000411,A2,4683,189,4872,30,54,11,90,2025-01-29,CUST2,1299.0874797655779,48.55522940667974,211.21004504646191,323.4176180426536,1882.270372261373
ORD000412,A2,4947,234,5181,21,54,18,96,2025-01-29,CUST4,1432.2819929777147,41.49864885713012,268.9881686977274,323.0971242990277,2065.8659348316
ORD000413,A2,3802,126,3928,37,39,18,102,2025-01-29,CUST2,1175.1558932677372,48.677693191840774,209.30324076818076,254.8100332401045,1687.9468604678632
ORD000414,A2,4044,300,4344,40,37,12,118,2025-01-29,CUST2,862.1185821154888,41.59613482420434,141.37526086905288,183.97768647690086,1229.0676642856467
ORD000415,A3,3237,235,3472,39,38,15,91,2025-01-29,CUST3,599.1080322120014,42.16865222890396,127.0069160795984,153.72664664084758,922.0102471613513
ORD000416,A3,4424,206,4630,33,43,15,107,2025-01-29,CUST2,1080.4368180950862,45.601438130296266,184.25897451756146,253.71245438145442,1564.0096851243982
ORD000417,A3,2991,284,3275,21,28,20,117,2025-01-29,CUST1,722.8861262294248,31.27570318731594,133.0315923777508,210.91352726663595,1098.1069490611276
ORD000418,A3,2017,135,2152,39,20,19,106,2025-01-29,CUST2,518.7317236038198,41.829396423095176,104.92527117073915,124.66023407044896,790.1466252681031
ORD000419,A3,7886,238,8124,34,73,10,112,2025-01-29,CUST4,2159.7014897599815,56.418723559387765,351.19564868614316,516.9941914196138,3084.310053425126
ORD000420,A1,2185,163,2348,25,20,11,120,2025-01-29,CUST3,468.96545534710765,31.523120224940158,87.17812080205525,103.4919438254799,691.1586401995829
ORD000421,A1,8097,242,8339,24,75,13,111,2025-01-29,CUST3,1664.7971349956933,57.57951479568195,173.56962597044708,453.0035436884342,2348.9498194502567
ORD000422,A1,3490,272,3762,30,34,16,111,2025-01-29,CUST3,1028.284218115142,34.11982882997065,170.85935206314778,276.21911619624996,1509.4825152045105
ORD000423,A1,2758,236,2994,26,33,13,92,2025-01-29,CUST4,642.8638805125107,33.986854330725485,99.38547137453816,136.80876383357037,913.0449700513448
ORD000424,A2,8659,156,8815,25,86,18,103,2025-01-29,CUST1,1819.8090768344948,61.906279323880135,273.96813153416747,437.4983391683227,2593.181826860865
ORD000425,A2,3551,177,3728,29,41,10,92,2025-01-29,CUST4,852.1870120375567,36.874725944547755,135.82119945918203,126.1563401575972,1151.0392775988837
ORD000426,A2,6643,278,6921,20,60,14,115,2025-01-29,CUST3,1724.2565352399174,43.40155504433959,264.37596970169494,320.4568590960936,2352.4909190820454
ORD000427,A3,4858,249,5107,29,47,10,109,2025-01-29,CUST4,1007.6178015717519,42.81747700175051,175.11910142411023,203.21857641248988,1428.7729564101026
ORD000428,A3,5139,168,5307,40,52,17,102,2025-01-29,CUST4,1057.8753871089175,58.52568121200227,180.86477715002655,193.52051917243233,1490.7863646433789
ORD000429,A3,5944,251,6195,24,71,12,87,2025-01-29,CUST3,1310.451286845571,46.246112733925855,168.1765492526345,310.17126461686,1835.0452134489915
ORD000430,A1,4751,145,4896,21,46,18,107,2025-01-30,CUST1,1065.5632537113959,48.24388902767197,134.2272480101458,176.55050338476244,1424.584894133976
ORD000431,A1,5241,201,5442,29,53,15,103,2025-01-30,CUST1,1246.9353644433254,49.2024410156272,187.8071831478345,152.45078640208098,1636.3957750088682
ORD000432,A1,3548,143,3691,22,31,18,120,2025-01-30,CUST4,659.5483556997051,29.59683433593983,112.10097755646375,121.2486762218898,922.4948438139984
ORD000433,A1,7669,271,7940,34,97,17,82,2025-01-30,CUST2,1797.919753657827,85.74476859978788,215.7023577685977,436.7049269686729,2536.0718069948853
ORD000434,A2,5601,172,5773,35,71,13,81,2025-01-30,CUST4,1635.9772371484116,63.07960965079703,314.7686469301699,439.2442905975083,2453.069784326887
ORD000435,A2,8301,266,8567,38,71,10,120,2025-01-30,CUST3,1287.1684717584865,54.73558377661563,224.4279956340354,357.12755434569635,1923.4596055148338
ORD000436,A2,6975,220,7195,35,77,18,94,2025-01-30,CUST4,1140.4321316618689,70.45284386331994,141.6749176496613,283.47245838634046,1636.0323515611904
ORD000437,A3,8467,241,8708,31,101,16,86,2025-01-30,CUST1,1565.372289044972,80.38345107523376,208.32629940525877,436.5472727987906,2290.629312324255
ORD000438,A3,3813,285,4098,28,50,18,82,2025-01-30,CUST2,1072.3837062899681,51.04306789619644,222.85727876754405,136.19561857194776,1482.4796715256564
ORD000439,A3,4258,164,4422,35,53,13,83,2025-01-30,CUST4,1084.6345247991624,52.00955737331666,189.02248845379387,164.29843435061383,1489.9650049768868
ORD000440,A1,6191,238,6429,40,62,16,104,2025-01-30,CUST3,1691.9521578799458,54.24483080107889,176.24080913068178,248.42152531941915,2170.8593231311256
ORD000441,A1,7761,133,7894,28,69,15,115,2025-01-30,CUST2,1691.1045530635827,48.660638557955544,346.55355728665444,452.34168564427694,2538.6604345524693
ORD000442,A2,2673,201,2874,24,30,13,96,2025-01-30,CUST1,508.85775103870213,33.96731581796939,88.62037289840735,68.16738762055589,699.6128273756349
ORD000443,A2,6814,277,7091,33,83,17,85,2025-01-30,CUST3,1787.221198302914,56.988255542549865,187.0263468555198,448.46640053855504,2479.7022012395387
ORD000444,A3,7117,124,7241,31,67,19,108,2025-01-30,CUST3,1706.8353052022298,64.16883132356445,203.18749855776943,276.21705306926464,2250.4086881528283
ORD000445,A3,7135,137,7272,30,69,20,105,2025-01-30,CUST4,1156.4635671609753,65.21061867835202,139.54967104201407,322.6492285400488,1683.8730854213902
ORD000446,A3,2322,150,2472,23,25,19,97,2025-01-30,CUST2,549.7257398783352,33.42331812121017,73.05095635191411,109.69497409676397,765.8949884482234
ORD000447,A1,1889,261,2150,35,20,10,105,2025-01-31,CUST2,342.24019230384687,36.38186559123829,43.07449143696946,68.88244119560035,490.578990527655
ORD000448,A1,8160,221,8381,31,71,13,118,2025-01-31,CUST4,2048.86276894583,60.271143631910626,310.4822116681573,588.071798180634,3007.6879224265313
ORD000449,A1,5768,282,6050,20,56,20,108,2025-01-31,CUST2,1587.054071309627,45.12659499527046,189.49164573955986,324.9953648591868,2146.667676903644
ORD000450,A1,2316,273,2589,38,30,11,85,2025-01-31,CUST3,573.8906875443065,38.378424827262045,69.06144784736658,118.95795811928153,800.2885183382167
ORD000451,A2,1623,135,1758,34,17,10,102,2025-01-31,CUST3,464.49207422688306,32.911698461747214,87.92675699772616,89.95914952288983,675.2896792092462
ORD000452,A2,8284,238,8522,38,101,19,84,2025-01-31,CUST3,2075.8386240500927,67.88421888698431,327.67237875749885,310.81993686399704,2782.215158558573
ORD000453,A2,6666,271,6937,25,59,13,117,2025-01-31,CUST4,1846.5936503869573,52.271268296072414,311.4601278744709,231.83062298765577,2442.1556695451563
ORD000454,A3,2361,214,2575,30,22,13,118,2025-01-31,CUST2,566.5082251233185,27.578586850282512,111.66521890845381,112.50944030400227,818.2614711860571
ORD000455,A3,5707,146,5853,27,62,11,95,2025-01-31,CUST1,1419.9479888570027,43.137508613779566,151.4048514617205,181.50692360011354,1795.9972725326163
ORD000456,A3,6065,190,6255,37,52,18,120,2025-01-31,CUST2,1015.1886684765296,59.41212900910917,154.5334303280339,260.3242099225263,1489.458437736199
ORD000457,A3,7492,242,7734,40,67,15,115,2025-01-31,CUST3,1648.7781335771936,63.12976514652767,246.18576137125956,475.4315327021732,2433.525192797154
ORD000458,A1,4128,147,4275,24,36,13,118,2025-01-31,CUST1,818.9186885242109,33.64753514145616,125.47470915062536,147.47481530604412,1125.5157481223366
ORD000459,A1,6152,136,6288,37,74,18,85,2025-01-31,CUST3,1613.593792318033,74.74085253946666,246.04472679475052,344.83734633575756,2279.2167179880075
ORD000460,A1,1566,224,1790,26,21,10,87,2025-01-31,CUST1,346.30706652618403,30.359935325446234,59.73736827232862,78.7497516614603,515.1541217854192
ORD000461,A1,6445,289,6734,35,57,11,119,2025-01-31,CUST1,1604.0259598639318,57.08451068291686,314.67230541148274,336.7332504881191,2312.5160264464507
ORD000462,A2,6107,201,6308,31,69,15,91,2025-01-31,CUST3,1712.640111645074,62.28265190717152,294.20479019100605,233.99738792139064,2303.1249416646424
ORD000463,A2,2513,276,2789,25,31,16,90,2025-01-31,CUST1,693.085161579892,33.18097610208079,105.51044513302614,100.63357100301491,932.4101538180138
ORD000464,A2,8812,262,9074,23,82,17,111,2025-01-31,CUST4,2189.5215900155254,63.65004010856087,279.00927862578686,486.26737915227835,3018.4482879021516
ORD000465,A3,5657,172,5829,26,65,13,89,2025-01-31,CUST1,901.0520915283507,59.67970546666097,138.42193400960838,114.35693088328351,1213.5106618879036
ORD000466,A3,7273,221,7494,35,69,10,109,2025-01-31,CUST1,2055.314676187878,65.7543735865387,273.40528248261495,312.3851821478783,2706.85951440491
ORD000467,A3,2016,153,2169,30,18,20,119,2025-01-31,CUST3,364.9833851438937,37.45287499103542,45.92140987579336,97.92087941489318,546.2785494256157
ORD000468,A3,3152,191,3343,38,33,13,100,2025-01-31,CUST1,519.6776140892656,36.15544903344633,74.78646894701902,149.13296661288712,779.752498682618
